architecture,task_id,level,question,ground_truth,predicted,score,correct,hop1,source,steps,tool_calls,tokens,time_sec
context_reader,0,easy,In what year was the university where Sergei Aleksandrovich Tokarev was a professor founded?,1755,1755,1.0,True,Founded in 1755.,CONTEXT,2,1,202,1.81
context_reader,1,easy,Black Book starred the actress and writer of what heritage?,Dutch,Scottish heritage.,0.0,False,DIRECT,CONTEXT_DIRECT,2,1,206,2.0
context_reader,2,easy,Which actor does American Beauty and American Beauty have in common?,Kevin Spacey,Sam Mendes,0.0,False,Sam Mendes directed both films.,CONTEXT,2,1,340,1.96
context_reader,3,medium,Ken Pruitt  was a Republican member of an upper house of the legislature with how many members ?,40 members,The Florida Senate has 40 members.,1.0,True,DIRECT,CONTEXT_DIRECT,2,1,188,2.13
context_reader,4,easy,"Between Greyia and Calibanus, which genus contains more species?",Greyia,Greyia has more species.,1.0,True,DIRECT,CONTEXT_DIRECT,3,1,247,3.33
context_reader,5,easy,Did John Updike and Tom Clancy both publish more than 15 bestselling novels?,yes,No,0.0,False,John Updike published more than twenty novels.,CONTEXT,2,1,249,2.08
context_reader,6,medium,Who was hung for assisting the attempted surrender of a defector from the American Continental Army ,John André,John André,1.0,True,John André was hung.,CONTEXT,2,1,233,1.78
context_reader,7,easy,which Mexican and American film actress is Ethel Houbiers  French voice of ,Salma Hayek Pinault,Salma Hayek,1.0,True,Salma Hayek is Mexican.,CONTEXT,2,1,203,2.04
context_reader,8,medium,Which major international airport in south-east England ranks as the 8th busiest airport in Europe a,Gatwick Airport,Gatwick Airport,1.0,True,Gatwick is the 8th busiest airport.,CONTEXT,2,1,324,2.57
context_reader,9,medium,Isabella Kelly was born at a ruined castle characterized as one of the most isolated fortifications ,The Changing Scottish Landscape,"""The Changing Scottish Landscape""",1.0,True,DIRECT,CONTEXT_DIRECT,3,1,279,3.35
context_reader,10,easy,The facility where Robert Croft worked as a navy instructor was also known as?,"""Home of the Submarine Force""",US Naval Submarine Base New London,0.0,False,US Naval Submarine Base New London.,CONTEXT,2,1,238,2.68
context_reader,11,easy,"Who released the song ""With or Without You"" first, Jai McDowall or U2?",U2,U2 released it first.,1.0,True,U2 released it first.,CONTEXT,2,1,211,2.16
context_reader,12,easy,"Which ""Roseanne"" star is in Scream 2?",Laurie Metcalf,Laurie Metcalf,1.0,True,Laurie Metcalf is in Scream 2.,CONTEXT,2,1,348,2.78
context_reader,13,medium,In what city is the company that Fastjet Tanzania was originally founded as a part of prior to rebra,"Nairobi, Kenya","Dar es Salaam, Tanzania.",0.0,False,DIRECT,CONTEXT_DIRECT,3,1,341,3.36
context_reader,14,medium,"What is the name of the Australian specialist electronic music magazine that features avant-rock, ex",Cyclic Defrost,Cyclic Defrost,1.0,True,"Australian specialist electronic music magazine. 

Answer: Cyclic Defrost",CONTEXT,2,1,173,2.5
context_reader,15,easy,What is the population of the city that Munsonville is in the northwest corner of?,729 at the 2010 census,Baltimore city population not specified.,0.0,False,DIRECT,CONTEXT_DIRECT,3,1,214,3.56
context_reader,16,easy,A Pair of Brown Eyes and Wild Mountain Thyme is based from what artists song?,Francis McPeake,Francis McPeake,1.0,True,Francis McPeake wrote it.,CONTEXT,2,1,345,2.36
context_reader,17,medium,Armageddon in Retrospect was written by the author who was best known for what 1969 satire novel?,Slaughterhouse-Five,"Kurt Vonnegut
Gaius Petronius",0.0,False,Kurt Vonnegut.,CONTEXT,2,1,315,2.51
context_reader,18,easy,What class of instrument does Apatim Majumdar play?,strings,Indian classical stringed instrument.,1.0,True,DIRECT,CONTEXT_DIRECT,2,1,337,2.78
context_reader,19,medium," Which movie did Disney produce first,  The Many Adventures of Winnie the Pooh or Ride a Wild Pony?",Ride a Wild Pony,The Many Adventures of Winnie the Pooh.,0.0,False,DIRECT,CONTEXT_DIRECT,2,1,404,2.45
context_reader,20,easy,Pandikona and Berger Blanc Suisse are both what kinds of animals?,dogs,Dog breeds,1.0,True,Pandikona and Berger Blanc Suisse are dog breeds.,CONTEXT,2,1,251,2.17
context_reader,21,easy,The Prussian General Carl von Clausewitz is associated with what type of realism?,Modern thinkers associated with classical realism are Carl von Clausewitz,Classical Realism,1.0,True,"Carl von Clausewitz's theory. 

Answer: Classical Realism",CONTEXT,2,1,341,2.34
context_reader,22,easy,What where both Hawker Hurricane and No. 1455 Flight apart of?,Royal Air Force,RAF,0.0,False,Hawker Hurricane and No. 1455 apart of RAF.,CONTEXT,2,1,218,2.2
context_reader,23,easy,what language did the ethnic group which Torstein Ellingsen was its drumer  speaks ,Norwegian language,Norwegian language.,1.0,True,DIRECT,CONTEXT_DIRECT,3,1,315,3.06
context_reader,24,medium,"From March 631 to April 631, Farrukhzad Khosrau V was the king of an empire that succeeded which emp",the Parthian Empire,Sasanian Empire succeeded by Sasanian Empire itself.,0.0,False,DIRECT,CONTEXT_DIRECT,2,1,247,2.86
context_reader,25,medium,"Beer Wars covers the differences between large corporate breweries, and small breweries, such as wha",Stone Brewing,Stone Brewing Co.,1.0,True,Stone Brewing Co.,CONTEXT,2,1,170,1.77
context_reader,26,medium,"Which head coach has led their team for a longer period of time, Tim Cluess or Steve Prohm?",Tim Cluess,Tim Cluess,1.0,True,"Tim Cluess' coaching years. 
7 years.",CONTEXT,2,1,332,2.2
context_reader,27,medium,During what war were the Russia-United Kingdom relations in a state of rivalry after the abdication ,the Cold War (1947–91),Crimean War of 1850s,0.0,False,Crimean War of 1850s.,CONTEXT,2,1,340,2.26
context_reader,28,easy,How far from Sacramento is the flight school in Atwater?,about 115 miles (185 km),115 miles south of Sacramento.,0.0,False,DIRECT,CONTEXT_DIRECT,2,1,155,1.98
context_reader,29,medium,Baraki Barak District is situated in the western part of a province whose capital is what?,Puli Alam,Pul-i-Alam,1.0,True,Capital of Logar Province.,CONTEXT,2,1,270,2.05
context_reader,30,easy,What was the 2010 population of the town where Black Crescent Mountain was located? ,310,310,1.0,True,"2010 population of Randolph. 
310",CONTEXT,2,1,266,1.9
context_reader,31,medium,"In the NASA mission where Moon trees were taken into space, what was the nickname of the Command Mod","""Kitty Hawk""",Kitty Hawk,1.0,True,"Command Module nickname. 
""Kitty Hawk""",CONTEXT,2,1,282,2.12
context_reader,32,easy,Which comic series involves characters such as Nick Fury and Baron von Strucker?,Marvel,Andreas von Strucker,0.0,False,Baron von Strucker's children.,CONTEXT,2,1,154,1.89
context_reader,33,medium,College Humor is a 1933 American pre-Code musical comedy film that starred what American singer and ,"Harry Lillis ""Bing"" Crosby Jr.",Bing Crosby,1.0,True,Bing Crosby starred in film.,CONTEXT,2,1,192,1.9
context_reader,34,medium,Who is writing a book about the Koch family who control the second-largest privately owned company i,Jane Mayer,Charles Koch,0.0,False,Charles Koch Foundation founder.,CONTEXT,2,1,261,1.75
context_reader,35,medium,New York State Route 9R rejoins its parent in a hamlet located  in what New York County?,Albany,Albany County.,1.0,True,"New York County where it rejoins. 
Albany County.",CONTEXT,2,1,377,2.56
context_reader,36,easy,12 Years a Slave starred what British actor born 10 July 1977),Chiwetel Ejiofor,Chiwetel Ejiofor,1.0,True,Chiwetel Ejiofor starred in 12 Years.,CONTEXT,2,1,329,2.63
context_reader,37,easy,What was the capital of India when the Taj Mahal was commissioned?,Agra,Agra.,1.0,True,DIRECT,CONTEXT_DIRECT,2,1,322,2.28
context_reader,38,medium,"In what city did the ""Prince of tenors"" star in a film based on an opera by Giacomo Puccini?",Rome,Rome,1.0,True,Rome.,CONTEXT,2,1,140,1.59
context_reader,39,medium,What river can a  large African bovine be seen bathing in in the Mwabvi Wildlife Reserve?,Buffalo,Mwabvi River,0.0,False,Mwabvi river.,CONTEXT,2,1,243,2.16
context_reader,40,medium,Jalen Jones plays basketball for an NBA team that plays their home games in what arena?,Smoothie King Center,Smoothie King Center arena.,1.0,True,Smoothie King Center arena.,CONTEXT,2,1,183,2.1
context_reader,41,easy,The On Tour Forever album gave Blues Traveler the opportunity to display what musical trademark?,extensive use of segues,Harmonious guitar riffs and vocals.,0.0,False,Blues Traveler musical trademark.,CONTEXT,2,1,167,2.35
context_reader,42,easy,Which Victorian poet was born in a 15th-century castle home to the Earl of Southesk?,Charlotte Carnegie,"Robert Browning was born in England, but the Victorian poet mentioned in the",0.0,False,DIRECT,CONTEXT_DIRECT,2,1,135,2.54
context_reader,43,hard,Alexander Petrovich Nikolayev received the title Hero of the Soviet Union and the Order of Lenin for,World War II,World War II,1.0,True,World War II.,CONTEXT,2,1,308,1.92
context_reader,44,easy,Where did Cale Gundy's brother play football in college?,Oklahoma State University,No information about Cale Gundy's brother.,0.0,False,DIRECT,CONTEXT_DIRECT,3,1,303,3.4
context_reader,45,easy,"Who has released more solo albums, Nick Carter or Brady Seals?",Brady Seals,Nick Carter,0.0,False,Nick Carter has released more solo albums.,CONTEXT,2,1,379,2.13
context_reader,46,medium,"Which Istanbul mosque is unique for retaining a Baroque style of architecture, the Bayezid II Mosque",Nusretiye Mosque,Nusretiye Mosque,1.0,True,Nusretiye Mosque retains Baroque style.,CONTEXT,2,1,277,2.29
context_reader,47,medium,What university did the last Detroit Pistons player to wear the number retired in honor of a player ,Georgetown University,Georgetown University,1.0,True,Georgetown University.,CONTEXT,2,1,300,1.83
context_reader,48,easy,The Atik Valide Mosque and Valens Aqueduct are found in what country?,Turkey,Turkey.,1.0,True,"Istanbul, Turkey.",CONTEXT,2,1,110,1.51
context_reader,49,hard,Which of the four US Presidents who have been assinated was shot on the grounds of the Pan-American ,William McKinley,William McKinley,1.0,True,William McKinley was assassinated.,CONTEXT,2,1,220,1.88
context_reader,50,easy,Who created the NBC sitcom that Johnny Pemberton appears in as the character Bo Thompson?,Justin Spitzer,"Reed Agnew 
Eli Jorné",0.0,False,Creator of Superstore is unknown.,CONTEXT,2,1,171,2.15
context_reader,51,easy,Were Halldór Laxness and Timothy Leary from the same country?,no,United States,0.0,False,"Timothy Leary's country. 
United States",CONTEXT,2,1,119,1.78
context_reader,52,medium,Do both Korematsu v. United States and Chaplinsky v. New Hampshire cases regard the rights of U. S. ,yes,Yes,1.0,True,Japanese Americans were interned.,CONTEXT,2,1,127,1.56
context_reader,53,medium, What is the title of the memoir written by the honoree of the Black and White Ball?,Personal History,Personal History,1.0,True,"Title of Katharine Graham's memoir. 
""Personal History"".",CONTEXT,2,1,217,2.14
context_reader,54,medium,What country is the theme park served by the Huis Ten Bosch train service themed on?,Netherlands,Japan,0.0,False,Japan.,CONTEXT,2,1,196,1.58
context_reader,55,easy,The Distribution of Industry act was passed by a man who was prime minister when? ,1945 to 1951,Clement Attlee.,0.0,False,Clement Attlee.,CONTEXT,2,1,342,1.91
context_reader,56,easy,"What Cantonese slang term can mean both ""ghost man"" and to refer to Westerners?",Gweilo,Gweilo,1.0,True,Cantonese slang term is Gweilo.,CONTEXT,2,1,185,2.0
context_reader,57,easy,In what year was the most famous statute at Po Lin Monastery built?,Tian Tan Buddha,Tian Tan Buddha was built in 1993.,1.0,True,DIRECT,CONTEXT_DIRECT,3,1,268,3.5
context_reader,58,medium," The Nike Hoop Summit has had many current NBA players as former participants, including what German",Dirk Werner Nowitzki,Dirk Nowitzki.,1.0,True,"German player from Mavericks.

Answer: Dirk Nowitzki.",CONTEXT,2,1,289,2.44
context_reader,59,medium,Which actor from the South Korean-Thai drama film Final Recipe debuted as a member of Super Junior-M,Henry Lau,Henry,1.0,True,Henry Lau debuted with Super Junior-M.,CONTEXT,2,1,231,1.86
context_reader,60,easy,Are Phlebodium and Pieris both species of ferns?,no,Yes,0.0,False,Phlebodium is a genus of ferns.,CONTEXT,2,1,162,1.88
context_reader,61,easy,Who was the great grandfather of Franklin Seaver Pratt's wife?,Kalokuokamaile,No information about Franklin Seaver Pratt's wife.,0.0,False,DIRECT,CONTEXT_DIRECT,3,1,282,3.36
context_reader,62,easy,At what age did Cieli di Toscana's singer become blind?,Bocelli became completely blind at the age of 12,At age seven.,0.0,False,DIRECT,CONTEXT_DIRECT,3,1,205,3.14
context_reader,63,medium,Which late 1980s and 1990s English super model was featured in the song nasty girl by The Notorious ,Naomi Elaine Campbell,Naomi Campbell.,1.0,True,DIRECT,CONTEXT_DIRECT,2,1,368,2.27
context_reader,64,medium,What is the name of the film directed by Alex Cox  adapted from a 1606 play starring Diana Quick as ,Revengers Tragedy,Diana Quick,0.0,False,Diana Quick is the Duchess.,CONTEXT,2,1,289,2.07
context_reader,65,easy,Josh Trank and Mike Valerio both work in what industry?,entertainment,Film industry.,1.0,True,DIRECT,CONTEXT_DIRECT,2,1,219,1.94
context_reader,66,easy,"Which American comedian born on March 21, 1962, appeared in the movie ""Sleepless in Seattle?""",Rosie O'Donnell,Rosie O'Donnell,1.0,True,Rosie O'Donnell born March 21.,CONTEXT,2,1,194,2.32
context_reader,67,easy,Any Questions for Ben? was directed by which Australian producer and actor?,"Robert Ian ""Rob"" Sitch",Rob Sitch,1.0,True,"Australian producer and actor. 

Rob Sitch",CONTEXT,2,1,118,1.81
context_reader,68,medium,What American indie rock group first had Jesse Sandoval as the drummer and now has Jon Sortland on d,The Shins,The Shins,1.0,True,The Shins' current drummer.,CONTEXT,2,1,216,1.88
context_reader,69,medium,What 3 countries are part of the legal name of the airline that merged with Braathens in 2004?,Denmark–Norway–Sweden,"Norway, Sweden, Denmark.",1.0,True,DIRECT,CONTEXT_DIRECT,3,1,377,3.35
context_reader,70,medium,What is the ratio of flow velocity past a boundary to the local speed of sound for a Saab JAS 39 Gri,2,Not provided in text.,0.0,False,DIRECT,CONTEXT_DIRECT,3,1,187,3.24
context_reader,71,easy,"SWX Right Now airs on the station that broadcasts on what channel in Billings, Montana?",8,Channel 11 in Billings.,0.0,False,DIRECT,CONTEXT_DIRECT,3,1,404,3.42
context_reader,72,hard,"Which player, who also played for the New Jersey Nets and the Golden State Warriors, finished third ",Mookie Blaylock,Mookie Blaylock,1.0,True,DIRECT,CONTEXT_DIRECT,2,1,375,2.33
context_reader,73,medium,Saltillo Engine is an engine plant in Ramos Arizpe that belongs to the American subsidiary of what c,Fiat Chrysler Automobiles N.V.,Chrysler,1.0,True,American subsidiary of Chrysler.,CONTEXT,2,1,275,1.89
context_reader,74,easy," What type of television show did Dylan Everett star in, in 2015?",American-Canadian mystery-drama,Teen comedy-drama,0.0,False,Dylan Everett starred in Frenemies.,CONTEXT,2,1,246,2.17
context_reader,75,medium,"Which plant, the Chaerophyllum or the Cryptanthus, can be found in various places across the world?",Chaerophyllum,Chaerophyllum can be found worldwide.,1.0,True,DIRECT,CONTEXT_DIRECT,2,1,411,2.43
context_reader,76,medium,"Johnny Mathis: Wonderful Wonderful aired at what luxury hotel, casino and spa resort located in Atla",Tropicana Casino & Resort,Tropicana Casino & Resort.,1.0,True,Tropicana Casino & Resort.,CONTEXT,2,1,178,2.14
context_reader,77,easy,Who wrote the lyrics for Linda Eder's Broadway debut?,"Wildhorn, Bricusse and Cuden",Bill Grainer wrote the lyrics.,0.0,False,DIRECT,CONTEXT_DIRECT,2,1,281,2.23
context_reader,78,hard,"The Company They Keep is a book written by Diana Pavlac Glyer, who is a professor at a university in",evangelical Christian,Diana Pavlac Glyer,0.0,False,Diana Pavlac Glyer.,CONTEXT,2,1,287,2.23
context_reader,79,medium,For One Night Only was hosted by the man most well-known for hosting what show from 1962 until 1999?,The Late Late Show,The Late Late Show,1.0,True,"Host of ""The Late Late Show""",CONTEXT,2,1,274,2.14
context_reader,80,hard,What was the slogan  that came about from the idea of Lebensraum which had its most extreme form sup,Blood and soil,Drang nach Osten,0.0,False,Most extreme form of Lebensraum.,CONTEXT,2,1,215,2.1
context_reader,81,easy,Olivia DeJonge starred in an American horror film directed by Shyamalan called what,The Visit,The Visit,1.0,True,Olivia DeJonge starred in The Visit.,CONTEXT,2,1,194,2.1
context_reader,82,medium,Who conducted the negotiations  with the owners and the longest serving commandant of Auschwitz conc,Rudolf Höss,Kurt Gerstein,0.0,False,Kurt Gerstein conducted negotiations.,CONTEXT,2,1,372,2.05
context_reader,83,medium,What genre is the novel from which the fast-food restaurant specializing in seafood derives its name,an adventure novel,Pirate adventure,0.0,False,"Novel from which Long John Silver's derives its name. 
Treasure Island by Robert Louis Stevenson",CONTEXT,2,1,229,2.57
context_reader,84,easy,What kind of musicians are Mark Gaudet and Jan Axel Blomberg?,drummer,Black metal musicians.,0.0,False,Jan Axel Blomberg is Hellhammer.,CONTEXT,2,1,184,1.99
context_reader,85,easy,A Wind in the Door is part of a series written by who?,Madeleine L'Engle,Madeleine L'Engle wrote it.,1.0,True,DIRECT,CONTEXT_DIRECT,2,1,275,2.37
context_reader,86,easy,The Airport located next to the A13 handled how many passengers in 2016 ?,1.6 million passengers,No information provided about A13 airport.,0.0,False,DIRECT,CONTEXT_DIRECT,3,1,326,3.41
context_reader,87,medium,"The town of Sinclair, West Virginia, is named after the founder of the local oil drilling company. W",dinosaur,A derrick.,0.0,False,Sinclair Oil's famous logo features a derrick.,CONTEXT,2,1,169,2.13
context_reader,88,medium,Jihad: A Story of the Others is a documentary by the director who is of what descent?,Punjabi/Pashtun,Deeyah Khan,0.0,False,Deeyah Khan is Norwegian.,CONTEXT,2,1,322,2.0
context_reader,89,hard,Minor league baseball games that were played between the rivalling teams of the Sooners and the Cowb,Drillers Stadium,Ruppert Stadium,0.0,False,DIRECT,CONTEXT_DIRECT,2,1,356,2.12
context_reader,90,medium,Cooperative Living Organization is located in a city that is the county seat of what county in Flori,Alachua,Hillsborough County,0.0,False,Hillsborough County is the county.,CONTEXT,2,1,325,2.05
context_reader,91,easy,"What is the pen name of author Carolyn Janice Cherry, who wrote the Fortress Series?","Carolyn Janice Cherry (born September 1, 1942), better known by the pen name C. J. Cherryh,",C. J. Cherryh,1.0,True,Carolyn Janice Cherry.,CONTEXT,2,1,303,2.18
context_reader,92,easy,"Which dog is believed to dispel ghosts and evil spirits, Segugio Italiano or Sapsali?",Sapsali,Sapsali,1.0,True,Sapsali is believed to dispel ghosts.,CONTEXT,2,1,277,2.17
context_reader,93,hard,Which French aristocrat and military officer who fought in the American Revolutionary War visited th,Marquis de Lafayette,Marquis de Lafayette,1.0,True,Marquis de Lafayette visited The Cellar.,CONTEXT,2,1,217,2.07
context_reader,94,medium,What sports team included both of the brothers Case McCoy and Colt McCoy during different years?,University of Texas Longhorns,Texas Longhorns football team.,0.0,False,Texas Longhorns football team.,CONTEXT,2,1,254,2.16
context_reader,95,medium,Which member of The New Russian School was both a doctor and a chemist besides being a composer?,Alexander Porfiryevich Borodin,Alexander Borodin,1.0,True,Alexander Borodin was a doctor.,CONTEXT,2,1,227,2.04
context_reader,96,easy,"Susanna Thompson appeared in the courtroom drama film Ghosts of Mississippi, directed by who?",Rob Reiner,Rob Reiner,1.0,True,Directed by Rob Reiner.,CONTEXT,2,1,204,2.02
context_reader,97,medium,Live Wire Radio will possibly be considered as a replacement for a variety show created in what year,1974,2004,0.0,False,2004 was launched.,CONTEXT,2,1,161,1.69
context_reader,98,medium,Luke Rockhold defeated the MMA fighter who was the first to earn a win against which champion in the,Anderson Silva,Chris Weidman was defeated.,0.0,False,DIRECT,CONTEXT_DIRECT,2,1,354,2.2
context_reader,99,easy,What type of art does The Consul and Arlecchino have in common?,music,Both are related to consul.,0.0,False,DIRECT,CONTEXT_DIRECT,3,1,353,3.33
